<?xml version="1.0" encoding="utf-8"?>
<!-- $Id$ -->
<extension version="3.2" type="plugin" group="finder" method="upgrade">
	<name>Finder - File System Documents</name>
	<group>finder</group>
	<version>2.5</version>
	<creationDate>November 2012</creationDate>
	<author>JXtended</author>
	<authorEmail>info@jxtended.com</authorEmail>
	<authorUrl>http://jxtended.com/</authorUrl>
	<copyright>Copyright 2008 - 2012 JXtended, LLC. All rights reserved.</copyright>
	<description>FINDER_FILESYSTEM_DOCUMENTS_DESC</description>
	
	<files>
		<filename plugin="filesystem_documents">filesystem_documents.php</filename>
	</files>
	
	<languages>
		<language tag="en-GB">en-GB.plg_finder_filesystem_documents.ini</language>
	</languages>

	<config>
		<fields name="params">
		<fieldset name="basic" addfieldpath="/administrator/components/com_finder/models/fields">
			<!--commented by mukta and changed to textarea field to allow multiple directories to index.-->
			<!--<field name="directories" default="" type="directories" label="FINDER_FILESYSTEM_DOCUMENTS_DIRS_LABEL" description="FINDER_FILESYSTEM_DOCUMENTS_DIRS_DESC">
			</field>-->
		
			<field name="directories" type="textarea" size="40"
					description="Add paths one on line"
					label="FINDER_FILESYSTEM_DOCUMENTS_DIRS_LABEL"
				/>
		</fieldset>
		</fields>
	</config>
</extension>
