<?xml version="1.0" encoding="utf-8"?>
<!-- $Id$ -->
<extension version="2.5" type="plugin" group="finder" method="upgrade">
	<name>Finder - DOC Support</name>
	<group>finder</group>
	<version>2.5</version>
	<creationDate>November 2012</creationDate>
	<author>JXtended</author>
	<authorEmail>info@jxtended.com</authorEmail>
	<authorUrl>http://jxtended.com/</authorUrl>
	<copyright>Copyright 2008 - 2012 JXtended, LLC. All rights reserved.</copyright>
	<description>FINDER_DOC_SUPPORT_DESC</description>
	
	<files>
		<filename plugin="doc_support">doc_support.php</filename>
		<folder>antiword</folder>
	</files>
	
	<languages>
		<language tag="en-GB">en-GB.plg_finder_doc_support.ini</language>
	</languages>
	
</extension>
